offer,output,expected_output
"### TITLE:
 Y--Barn and Shed

 ### DESCRIPTION:
 ROMO 316223, Colorado River District Barn and Shed Replacement, Rocky Mountain National Park, Colorado",['Building construction work'],Building construction work
"### TITLE:
 Doctorate in Clinical Psychology - Health Education England (LDN)

 ### DESCRIPTION:
 Doctorate in Clinical Psychology - Health Education England<br/><br/>https://www.contractsfinder.service.gov.uk/Notice/ddaee949-8dff-4132-b537-75fb7bcf600b",['Educational software package'],Administrative services of agencies
"### TITLE:
 Contract for foster placement for children

 ### DESCRIPTION:
 This contract is for a foster placement(s) for children. The contract will remain in place until the children leave or the placement is terminated.",['Child welfare services'],Social work services
